,# YTID,start_seconds,end_seconds,positive_labels,laughter
4,-0BIyqJj9ZU,30.0,40.0,"/m/07rgt08,/m/07sq110,/t/dd00001",True
81,-A3zsFeU_OI,30.0,40.0,"/m/07s04w4,/m/09x0r",True
258,-fPdOa99Iwg,30.0,40.0,"/m/07s04w4,/t/dd00001",True
260,-fmmdkXn5YA,210.0,220.0,"/m/07sq110,/m/09x0r,/t/dd00127",True
604,0UF1FHDPM1A,30.0,40.0,"/m/07s04w4,/m/09x0r",True
1350,2VuKP6zZDDc,510.0,520.0,"/m/09x0r,/t/dd00001,/t/dd00125",True
1382,2ZbuPK4b41I,30.0,40.0,"/m/01j3sz,/m/04rlf,/m/07c52,/m/09x0r,/t/dd00032",True
1446,2im0SfR2KEA,30.0,40.0,/m/07rgt08,True
1508,2tXE7snh6Ak,30.0,40.0,"/m/01j3sz,/m/01yrx,/m/068hy,/m/07qrkrw,/m/07s04w4,/m/09x0r",True
1535,2xBIHi3oqy4,30.0,40.0,"/m/02zsn,/m/07rgt08,/m/09x0r",True
1617,3B0WbwAkByI,30.0,40.0,/m/07rgt08,True
1765,3gCD4JFbxuo,90.0,100.0,"/m/01j3sz,/t/dd00001",True
1866,3vOt9OrCtBM,30.0,40.0,"/m/02zsn,/m/07rgt08,/m/07s04w4,/m/09x0r",True
1947,4AWUlyZP_CM,90.0,100.0,"/m/01j3sz,/t/dd00001",True
2003,4K6nNmzeTk0,30.0,40.0,"/m/0463cq4,/m/07s04w4,/m/09x0r",True
2069,4VdV7ELQ9vE,310.0,320.0,"/m/07r660_,/m/0ytgt",True
2083,4X3upUSL54I,240.0,250.0,"/m/01j3sz,/m/09x0r,/m/0lyf6",True
2273,56JhihsdBXI,30.0,40.0,/t/dd00001,True
2358,5Q5R_a86vYA,90.0,100.0,"/m/01j3sz,/m/09x0r,/t/dd00001",True
2436,5e8dnZnkLkw,60.0,70.0,"/m/01j3sz,/m/02p3nc",True
2716,6UJhTZgnVro,30.0,40.0,"/m/04rlf,/m/07r660_",True
2806,6jAZGb8k6tE,90.0,100.0,"/m/01j3sz,/t/dd00001",True
2882,6xlV_D4yJDc,30.0,40.0,"/m/05zppz,/m/07qlwh6,/m/07rgt08,/m/09x0r",True
2901,7-Wm2TyvMs8,30.0,40.0,"/m/01j3sz,/m/07s04w4,/m/07sq110",True
2965,7ARVgI_wx5Y,30.0,40.0,"/m/01j3sz,/m/03qc9zr,/m/07r81j2,/m/09x0r",True
2979,7FHHtRuAz0s,20.0,30.0,"/m/028ght,/m/04rlf,/m/07rgt08,/m/09x0r,/m/0l15bq",True
3041,7Pob9Hi1ch8,270.0,280.0,/m/07r660_,True
3045,7QnyKZe6VBA,30.0,40.0,"/m/01j3sz,/m/02qldy,/m/02zsn,/m/0463cq4,/m/09x0r",True
3220,8-Xl4Esvdkc,10.0,20.0,"/m/07r660_,/m/09x0r,/t/dd00125",True
3265,89t0486uIfo,90.0,100.0,"/m/01j3sz,/t/dd00001",True
3491,8v9ggmYDE7I,220.0,230.0,"/m/07r660_,/m/09x0r,/t/dd00001,/t/dd00125",True
3514,8ynjAtF5VnA,40.0,50.0,"/m/04rlf,/m/07r660_",True
3580,9BGpWG8iqpQ,0.0,10.0,"/m/01j3sz,/m/07sq110,/m/09x0r,/t/dd00125",True
3589,9Ci8qOMBNNU,70.0,80.0,"/m/01j3sz,/m/07sq110,/m/09x0r",True
3608,9FOxcwocgJA,540.0,550.0,"/m/07r660_,/m/0ytgt",True
3752,9grtLEqt_RM,330.0,340.0,"/m/07sq110,/m/09x0r",True
3768,9kFZhnbKUXo,30.0,40.0,"/m/07sq110,/m/09x0r,/m/0ytgt,/t/dd00001,/t/dd00126,/t/dd00127",True
3787,9nHSTOfrtWo,30.0,40.0,"/m/01j3sz,/m/0lyf6",True
3821,9s8jDGsBij4,10.0,20.0,/m/07s04w4,True
3838,9wkgTdE7nz8,30.0,40.0,"/m/02dgv,/m/05zppz,/m/07rgt08,/m/07rjzl8,/m/09x0r",True
3886,A458iJLZGvg,80.0,90.0,"/m/01j3sz,/m/09x0r,/m/0k65p,/m/0ytgt,/t/dd00125",True
3989,AF0CtMb81t8,30.0,40.0,"/m/05tny_,/m/068hy,/m/07rc7d9,/m/07s04w4,/m/09x0r,/m/0bt9lr,/m/0ghcn6,/m/0jbk",True
4070,AN60q9nSnMk,30.0,40.0,"/m/01hsr_,/m/01j3sz,/m/04rlf",True
4110,AVL7Kbpw13U,130.0,140.0,"/m/07r660_,/m/09x0r",True
4385,B8BfeyvYZcY,30.0,40.0,"/m/01j3sz,/m/09x0r,/m/0fx9l",True
4549,BXWWHXp00ls,30.0,40.0,"/m/07rgt08,/m/07sq110",True
4676,BokrfYASP28,30.0,40.0,"/m/01j3sz,/t/dd00001",True
4718,BuIMVqz85uk,30.0,40.0,"/m/01j3sz,/m/05zppz,/m/07rgt08,/m/09x0r",True
4742,BxtN7sKDt5E,30.0,40.0,/m/07s04w4,True
4795,C4YkkL6W_ow,26.0,36.0,/t/dd00001,True
4944,CT7CrLxIuQI,30.0,40.0,"/m/07sq110,/t/dd00001",True
5101,Cmhpj4MJ_hQ,20.0,30.0,"/m/01j3sz,/m/0261r1,/m/07sq110,/t/dd00126",True
5117,CpqX_eohHsU,150.0,160.0,"/m/01j3sz,/m/07qw_06,/m/09x0r",True
5157,Cvwyf4tOrqc,30.0,40.0,"/m/07rgt08,/m/07rjzl8,/m/09x0r",True
5163,CwZbOyP1ep0,30.0,40.0,"/m/01j3sz,/m/07p6fty,/m/07rgt08,/m/09x0r",True
5185,D-1RsAdzIcc,30.0,40.0,"/m/01j3sz,/m/02p3nc",True
5657,EEGTecgVUFA,110.0,120.0,"/m/01j3sz,/m/05x_td",True
5667,EFdgfTqdF3Y,30.0,40.0,"/m/01j3sz,/m/07rgt08,/t/dd00001",True
5702,ENCPkF4K9zU,30.0,40.0,"/m/02zsn,/m/05zppz,/m/07rgt08,/m/09x0r,/m/0fx9l",True
5709,EO2y901299I,30.0,40.0,"/m/015lz1,/m/05zppz,/m/074ft,/m/07rgt08",True
5830,EkP005U571U,0.0,10.0,"/m/09x0r,/m/0ytgt,/t/dd00001",True
5871,EswaA4xHmsU,480.0,490.0,"/m/04rlf,/t/dd00001",True
6020,FIktp5ggvX4,10.0,20.0,"/m/01j3sz,/m/01z5f,/m/05tny_,/m/068hy,/m/07qf0zm,/m/07r660_,/m/07rc7d9,/m/09x0r,/m/0bt9lr,/m/0jbk",True
6053,FOseBorBQ_I,460.0,470.0,"/m/07sq110,/m/09x0r,/t/dd00126",True
6084,FWWM9d899l0,30.0,40.0,"/m/01j3sz,/m/07s04w4",True
6142,Fihamhv6TJo,30.0,40.0,"/m/028ght,/m/05zppz,/m/07rgt08,/m/09x0r",True
6219,FwlNz4gc9s0,30.0,40.0,"/m/07r67yg,/m/07s04w4,/m/09x0r",True
6222,FxZTKkmtKic,0.0,10.0,"/m/01j3sz,/m/02_nn,/m/02zsn,/m/09x0r",True
6262,G3Ze1ntr30g,440.0,450.0,"/m/09x0r,/t/dd00001,/t/dd00125",True
6302,GD1vgJwYR4Q,30.0,40.0,"/m/05zppz,/m/07rgt08,/m/07s04w4,/m/09x0r",True
6303,GD8XWhkFC50,30.0,40.0,"/m/07s04w4,/m/09x0r",True
6466,GhOXDKsmewM,30.0,40.0,"/m/0261r1,/m/09x0r,/t/dd00001",True
6551,GxY3kE0RyU0,250.0,260.0,/m/07r660_,True
6597,H5rRqioLDxY,30.0,40.0,"/m/01j3sz,/m/07r660_,/m/09x0r,/t/dd00001",True
6667,HINQ5Td2jZc,90.0,100.0,"/m/07s04w4,/m/0k65p,/m/0ytgt",True
6686,HLX0vrZjHmo,440.0,450.0,"/m/01j3sz,/m/04rlf,/m/07rrlb6,/m/09x0r",True
6799,HeLV1buhzpI,30.0,40.0,"/m/07r660_,/m/07r_k2n,/m/07rgt08,/m/07sq110",True
6800,HetJgSuoJVQ,12.0,22.0,/m/07r660_,True
6842,Hm6hH83SFGk,10.0,20.0,"/m/01j3sz,/m/07sq110",True
6982,IBnelTCAXKg,270.0,280.0,"/m/01j3sz,/m/03qtwd,/m/07rkbfh,/m/09x0r",True
7164,Iiu5mcAA8pU,360.0,370.0,"/m/01j3sz,/m/039jq,/m/04k94,/m/09x0r",True
7179,IlDRFxrDWw8,90.0,100.0,"/m/01j3sz,/t/dd00001",True
7529,Js-NhMZb2U4,230.0,240.0,"/m/01j3sz,/m/04rlf,/m/07p6fty,/m/09x0r",True
7661,KHVZFbmt8xk,30.0,40.0,"/m/02zsn,/m/07q0yl5,/m/07rgt08,/m/09x0r",True
7663,KHjz7vSPjLs,0.0,10.0,/m/07r660_,True
7719,KU0aL_iR0_I,560.0,570.0,/m/07sq110,True
7726,KWCQUZQ9D-Q,30.0,40.0,"/m/09x0r,/m/0ytgt,/t/dd00001",True
7745,KZwJ75WCPB4,30.0,40.0,"/m/07r660_,/m/09x0r",True
7754,KbOySeP46l4,570.0,580.0,"/m/07sq110,/m/09x0r,/m/0ytgt,/t/dd00125",True
7758,KcWPqFhrna0,30.0,40.0,"/m/01j3sz,/m/07r660_,/m/07rgt08,/m/09x0r,/t/dd00001",True
8009,LOHw8cZZ9-U,450.0,460.0,"/m/07sq110,/m/09x0r,/t/dd00125",True
8102,LctHAtCMnbY,30.0,40.0,"/m/07r660_,/m/09x0r",True
8108,LdljbBlb1Vs,10.0,20.0,/m/07s04w4,True
8133,Lh3cr_mfrnI,110.0,120.0,"/m/07s04w4,/m/07sq110,/m/0g6b5",True
8134,LhL0H-LI8SE,90.0,100.0,"/m/01j3sz,/m/09x0r,/t/dd00001",True
8185,LsBCiA7jkHI,30.0,40.0,"/m/018w8,/m/05zppz,/m/07pqn27,/m/07rgt08,/m/09x0r",True
8196,LuLGRSPwang,30.0,40.0,"/m/030rvx,/m/04rlf,/m/07r660_",True
8204,LvpgSdHLuCY,320.0,330.0,"/m/09x0r,/t/dd00001,/t/dd00125",True
8241,M2WVhHYQvTM,30.0,40.0,"/m/01j3sz,/m/07s04w4,/m/09x0r",True
8422,MaG2BHKuTD8,0.0,10.0,"/m/01d3sd,/m/01j3sz,/m/068hy,/m/0bt9lr,/m/0jbk",True
8477,MjRIMhqjOA0,90.0,100.0,"/m/01j3sz,/m/07pqn27,/m/09x0r",True
8550,N01Hh4ttr-I,24.0,34.0,/m/07r660_,True
8587,N9C2AYVnas4,130.0,140.0,"/m/01j3sz,/m/07bgp,/m/07s04w4,/m/09x0r",True
8717,NZflf6XOheU,23.0,33.0,"/m/04rlf,/m/07r660_,/m/09x0r",True
8747,NcRkQT2tP7s,40.0,50.0,/m/07sq110,True
8863,NyTQWPG7cxI,190.0,200.0,"/m/01j3sz,/m/04rlf,/m/07r660_,/m/09x0r,/t/dd00001",True
8915,O5v1-O5A-f0,410.0,420.0,"/m/0463cq4,/m/07sq110,/m/09x0r",True
8926,O7yLRIRgC20,70.0,80.0,"/m/07r660_,/m/09x0r,/t/dd00125",True
9004,OKsOk8558gs,380.0,390.0,"/m/0261r1,/m/07rgt08,/m/0ytgt",True
9084,OaSK8a6BbWg,20.0,30.0,"/m/01j3sz,/m/07sq110",True
9094,Oc9azgD3RJ8,30.0,40.0,"/m/0261r1,/m/04rlf,/m/04s8yn,/m/07r5c2p,/m/07r660_,/m/07s04w4,/m/09x0r",True
9189,OxbHUMFOxnk,30.0,40.0,"/m/07r660_,/m/07rgt08,/m/09x0r,/t/dd00001",True
9316,PMlDxwK0ZoI,190.0,200.0,"/m/07sq110,/m/09x0r,/t/dd00126",True
9370,PVQHu_JlaEw,40.0,50.0,"/m/01j3sz,/m/07rkbfh,/m/09x0r",True
9603,QCovzjYMK5c,170.0,180.0,"/m/04rlf,/m/07r660_,/m/09x0r,/t/dd00126",True
9637,QIRX5273XKk,30.0,40.0,"/m/028ght,/m/07q4ntr,/m/07rgt08,/m/07rwj3x",True
9656,QLOUgvsfDtg,60.0,70.0,"/m/01j3sz,/m/07p6fty,/m/09x0r",True
9706,QVprWKMTOz8,30.0,40.0,"/m/0463cq4,/m/07s04w4,/m/09x0r",True
9932,RF3rog2YjYw,30.0,40.0,"/m/04rlf,/m/07r660_,/m/07rgt08,/t/dd00001",True
10025,RVsQCIc7EK0,250.0,260.0,"/m/04rlf,/m/07sq110,/m/09x0r,/t/dd00125",True
10047,RaC_D7KYVPw,90.0,100.0,/t/dd00001,True
10153,RtUTtZ-DZZM,480.0,490.0,"/m/04rlf,/m/07sq110,/m/09x0r,/m/0ytgt",True
10168,RukvbL_9dSs,500.0,510.0,"/m/07r660_,/m/09x0r,/t/dd00125",True
10222,S7TYAcOEPt4,30.0,40.0,"/m/028sqc,/m/04rlf,/m/07rgt08",True
10331,SUFOgc9Pkd8,30.0,40.0,"/m/01j3sz,/m/068hy,/m/09x0r,/m/0bt9lr,/m/0ghcn6,/m/0jbk",True
10369,Sb5nf9DkzTs,50.0,60.0,"/m/01j3sz,/m/07r660_,/t/dd00001",True
10571,THhP1idrWXA,30.0,40.0,"/m/01j3sz,/m/07rgt08,/m/07s04w4",True
10596,TNCJ68vFKg8,120.0,130.0,"/m/07sq110,/m/0ytgt",True
10641,TZ32nYAOE6A,40.0,50.0,"/m/01hsr_,/m/01j3sz,/m/09x0r",True
10657,TauSQlIbIME,30.0,40.0,"/m/07sq110,/m/09x0r,/t/dd00125",True
10775,U-Qe9aNkrdE,30.0,40.0,"/m/02zsn,/m/07s04w4,/m/09x0r",True
10824,U8rWZXjH2cU,40.0,50.0,"/m/015lz1,/m/01j3sz,/m/04rlf,/m/09x0r,/t/dd00004,/t/dd00006",True
10912,USlCCt8En7A,460.0,470.0,"/m/07r660_,/m/07sq110",True
10961,UaIc26ChugY,250.0,260.0,"/m/01j3sz,/m/04rlf,/m/07p6fty,/m/09x0r",True
11001,UjXi6X-moxE,90.0,100.0,"/m/01j3sz,/m/09x0r,/t/dd00001",True
11015,UmGzdua2Ayc,14.0,24.0,/m/07sq110,True
11183,VJ9E_Td0_dk,30.0,40.0,"/m/07rgt08,/m/07s04w4,/m/09x0r,/t/dd00001",True
11192,VLNKqrVmD9g,30.0,40.0,"/m/02zsn,/m/07rgt08,/m/09x0r",True
11279,VZHuBw-BhDg,50.0,60.0,"/m/07r660_,/m/09x0r,/m/0ytgt",True
11286,V_NbY-oVDJI,30.0,40.0,"/m/02zsn,/m/07s04w4,/m/09x0r",True
11421,VwcaDl7eg30,30.0,40.0,"/m/09x0r,/t/dd00001",True
11467,W4acKG-KSTE,30.0,40.0,"/m/028ght,/m/05zppz,/m/07rgt08,/m/09x0r",True
11480,W6iwVLm51-k,30.0,40.0,"/m/02zsn,/m/07s04w4,/m/09x0r",True
11489,W8vOwbkWZfQ,30.0,40.0,"/m/01j3sz,/m/02y_763,/m/09x0r",True
11510,WDoZneKkmVg,30.0,40.0,"/m/01j3sz,/m/07s04w4,/t/dd00001",True
11528,WGuc_McKm_4,30.0,40.0,"/m/07s04w4,/m/07sq110,/t/dd00001",True
11602,WVfrcJWnOXs,30.0,40.0,"/m/01j3sz,/m/02p3nc,/m/07s04w4,/m/07sq110,/m/09x0r",True
11635,WcPOGKf6RE8,110.0,120.0,"/m/01j3sz,/m/0261r1,/m/05tny_,/m/068hy,/m/09x0r,/m/0bt9lr,/m/0jbk",True
11670,WiNjp9FhaHw,380.0,390.0,"/m/07sq110,/m/09x0r,/t/dd00125",True
11715,Wtcq4hUciM0,30.0,40.0,"/m/07r67yg,/m/07rgt08,/m/09x0r",True
11770,X43z-6hYpf0,30.0,40.0,"/m/01hgjl,/m/02cz_7,/m/04rlf,/m/07rgt08,/m/09x0r",True
11869,XMsMAQDTG5k,30.0,40.0,"/m/01j3sz,/m/07rgt08,/m/09x0r",True
11890,XRE9J9NyP3Y,190.0,200.0,"/m/07r660_,/m/09x0r,/t/dd00126",True
11961,XcvY-NdM8WA,40.0,50.0,"/m/01v1d8,/m/02lkt,/m/04rlf,/m/07r660_,/m/0ggx5q",True
11967,XeG88v5JZyo,190.0,200.0,"/m/07sq110,/m/09x0r",True
11974,Xf3nDMgSFyM,30.0,40.0,"/m/01j3sz,/m/09x0r,/m/0l15bq",True
12044,XviVGrbiUmE,240.0,250.0,"/m/07r660_,/m/0ytgt",True
12060,XyIAPpcvVro,0.0,10.0,"/m/01hsr_,/m/01j3sz",True
12105,Y6-EXl7Njzg,30.0,40.0,"/m/01j3sz,/m/0261r1,/m/07qjznt,/m/07rgt08,/m/07s04w4,/m/09x0r",True
12213,YTQORsSRTEc,300.0,310.0,"/m/0199g,/m/01j3sz,/m/04_sv,/m/07yv9,/m/09x0r",True
12246,Y_Mz8HfaT2U,30.0,40.0,"/m/025_jnm,/m/0261r1,/m/07s04w4,/m/09x0r,/m/0ytgt",True
12311,YnM8I76SWY8,0.0,10.0,"/m/01j3sz,/m/04fq5q,/m/0912c9,/m/09x0r,/t/dd00125",True
12342,YudutNqoRWQ,0.0,9.0,"/m/028ght,/m/07rgt08,/m/07s04w4,/m/09x0r",True
12388,Z2LG4gxn_j4,170.0,180.0,"/m/01j3sz,/m/03qc9zr,/m/04rlf,/m/07qz6j3,/m/07r660_,/m/09x0r",True
12393,Z3POdYMoARY,230.0,240.0,"/m/07rgt08,/m/0939n_,/m/09x0r",True
12416,Z8-hoaD2zN4,30.0,40.0,"/m/01h8n0,/m/07rgt08,/m/09x0r",True
12509,ZSjJ0Wop4m0,0.0,8.0,"/m/04rmv,/m/07rgt08,/m/09x0r",True
12533,ZYze8q72FT8,30.0,40.0,"/m/07rgt08,/m/0939n_",True
12535,ZZ6GRocWW38,90.0,100.0,"/m/01j3sz,/m/09x0r,/t/dd00001",True
12559,ZcZYEojbaPo,30.0,40.0,"/m/01j3sz,/m/07sq110,/m/09x0r",True
12673,_-_U21mzk40,30.0,40.0,"/m/01j3sz,/m/02zsn,/m/07s04w4,/m/09x0r,/m/0ytgt",True
12701,_547JTmvb9g,30.0,40.0,"/m/01j3sz,/m/07rgt08,/m/07s04w4,/m/09x0r",True
12727,_AadO6XA3OU,30.0,40.0,"/m/01j3sz,/m/0261r1,/m/07s04w4,/m/09x0r",True
12839,_YYABE0R3uA,30.0,40.0,"/m/01j3sz,/m/07kc_,/m/09x0r",True
12890,_iQ2hXonRsY,460.0,470.0,"/m/07sq110,/m/0ytgt",True
12896,_k2hN2MlHoA,30.0,40.0,"/m/07qcx4z,/m/07r660_,/m/07sq110",True
12961,_xMMWHVbjGk,30.0,40.0,"/m/01j3sz,/m/04rlf,/m/07p6fty,/m/09x0r",True
13028,a9iCA_YXm-Y,30.0,40.0,"/m/02qldy,/m/07s04w4,/m/09x0r",True
13059,aFHQY8eX5LI,30.0,40.0,/m/07rgt08,True
13256,auC_LgwFF8g,30.0,40.0,"/m/01j3sz,/m/02zsn,/m/03qc9zr,/m/09x0r",True
13276,axnod76rCBg,10.0,20.0,"/m/01j3sz,/m/04rlf,/m/07qw_06,/t/dd00125",True
13283,azBQiZ6wCWM,30.0,40.0,"/m/02zsn,/m/04rlf,/m/07rgt08,/m/09x0r",True
13344,bBgcz6B0sQ8,10.0,20.0,"/m/07sq110,/m/09x0r",True
13345,bCLn9M_HQj0,40.0,50.0,"/m/01j3sz,/t/dd00121",True
13438,bV8qnp-Vos8,330.0,340.0,"/m/09x0r,/t/dd00001,/t/dd00125",True
13491,bgl8r_eRI1I,0.0,10.0,"/m/01j3sz,/m/07sq110",True
13505,bjuNoKfysXU,10.0,20.0,"/m/07r660_,/m/07rgt08",True
13548,brLNDkRpS54,0.0,10.0,"/m/01j3sz,/m/02p3nc",True
13583,bzOeufhFITk,30.0,40.0,"/m/02w4v,/m/04rlf,/m/07s04w4",True
13646,cCVd_I1M_fs,30.0,40.0,"/m/0463cq4,/m/07r660_,/m/09x0r,/m/0ytgt,/t/dd00125",True
13780,cfi_mCKjbyw,40.0,50.0,"/m/07r660_,/m/07sq110",True
13791,chtrHNfaT9U,70.0,80.0,"/m/07r660_,/m/07sq110,/m/09x0r,/t/dd00125",True
13843,cuM4hc8oGjI,550.0,560.0,"/m/07r660_,/m/09x0r,/m/0ytgt,/t/dd00001",True
13866,d-1th_S4J0U,0.0,10.0,"/m/01j3sz,/m/07sq110,/m/09x0r",True
14218,e8iKX9r6nEA,0.0,10.0,"/m/07sq110,/m/09x0r,/t/dd00001",True
14248,eFikrMyPpcE,10.0,20.0,"/m/07rgt08,/m/09x0r,/m/0k65p",True
14273,eKMhRfdwwWI,30.0,40.0,"/m/07s04w4,/m/0939n_,/m/09x0r",True
14332,eWvOCr__m5o,50.0,60.0,"/m/07qz6j3,/m/07sq110,/m/09x0r",True
14408,ekhsfZpce0c,30.0,40.0,"/m/01j3sz,/m/07r660_,/m/09x0r,/t/dd00001",True
14466,ewm9cpk6GmY,30.0,40.0,"/m/04rlf,/m/07s04w4,/m/09x0r",True
14741,fpLnClEY4IU,0.0,6.0,"/m/07pqn27,/m/07s04w4",True
14802,g3DCGCibPQw,20.0,30.0,"/m/07sq110,/m/09x0r,/t/dd00125",True
14944,gXpT8TZjAnI,30.0,40.0,"/m/07r660_,/m/07s04w4",True
15008,gklbB7TYoK4,30.0,40.0,"/m/07rgt08,/t/dd00001",True
15061,guD3o7aspko,30.0,40.0,"/m/01j3sz,/m/07s04w4,/m/07sq110",True
15153,hAukn8dWZ2M,30.0,40.0,"/m/01j3sz,/m/07rgt08,/m/07s04w4,/m/07sq110",True
15217,hOua7RdPg38,90.0,100.0,"/m/01j3sz,/t/dd00001",True
15282,hcfj5h_bGWI,30.0,40.0,"/m/07rgt08,/m/09x0r",True
15370,hs4z6xnkvbQ,30.0,40.0,"/m/01j3sz,/m/02p3nc,/m/07s04w4,/m/09x0r",True
15531,iROgD3JRJFY,90.0,100.0,"/m/01j3sz,/m/09x0r,/t/dd00001",True
15540,iUtE4nRvBsM,40.0,50.0,"/m/01b_21,/m/01j3sz,/m/09x0r",True
15552,iXNnJE6gNEk,20.0,30.0,"/m/01j3sz,/m/04rlf,/t/dd00001,/t/dd00125",True
15590,ieZmQbzQYtw,0.0,6.0,"/m/01s0vc,/m/07r660_,/m/07sq110,/m/09x0r,/m/0ytgt",True
15643,ipKCHDizaQI,30.0,40.0,"/m/01hsr_,/m/02qldy,/m/0316dw,/m/07qc9xj,/m/07rgt08,/m/09x0r",True
15702,j2JoL0Bmx4M,10.0,20.0,"/m/05zppz,/m/07r660_,/m/09x0r,/m/0ytgt",True
15717,j4PyRSS5KhQ,30.0,40.0,"/m/07r660_,/m/09x0r",True
15759,jDVWPLGiBZI,30.0,40.0,"/m/01j3sz,/m/07c52,/m/07pqn27,/m/07ryjzk,/m/09x0r",True
16085,kQ76ksixZUM,30.0,40.0,"/m/01j3sz,/m/07mzm6,/m/09x0r",True
16291,l7GpvqYYrkE,30.0,40.0,"/m/01j3sz,/m/02l6bg,/m/07yv9,/m/09x0r,/m/0k5j",True
16306,l9wIIJsLfWU,30.0,40.0,"/m/01j3sz,/m/07q0yl5,/m/09x0r",True
16308,lAQMH50jym8,0.0,10.0,"/m/01j3sz,/m/07sq110",True
16390,lU1hBy8ap10,40.0,50.0,"/m/01j3sz,/m/04rlf,/m/07p6fty,/m/09x0r",True
16432,lczUc4Pxq1E,30.0,40.0,"/m/04rlf,/m/07s04w4,/t/dd00001",True
16441,lehPGCdtNmY,30.0,40.0,"/m/01j3sz,/m/07rgt08,/t/dd00001",True
16719,mc8xMJrOP-E,490.0,500.0,"/m/07r660_,/m/09x0r",True
16796,mtmKNWUNK2c,180.0,190.0,"/m/07r660_,/m/09x0r,/m/0ytgt,/t/dd00125",True
16807,mwYb2HLIAmw,30.0,40.0,"/m/01j3sz,/m/02zsn,/m/09x0r,/m/0l15bq",True
16994,neDB4I93EZI,30.0,40.0,"/m/02zsn,/m/07s04w4,/m/09x0r",True
17021,nlYlNF30bVg,30.0,40.0,"/m/03qc9zr,/m/07s04w4,/m/09x0r",True
17079,nxYQfmxiF-8,30.0,40.0,"/m/01j3sz,/m/07rgt08,/m/09x0r",True
17092,o-Bd_Ue7FhU,30.0,40.0,"/m/02fxyj,/m/07rgt08",True
17119,o4x-VW_rCSE,60.0,70.0,"/m/07r660_,/m/09x0r,/t/dd00125",True
17120,o5LsmKXZTCQ,30.0,40.0,"/m/01j3sz,/m/07rgt08,/m/07s04w4,/m/07sq110,/m/09x0r",True
17132,o8uxxMXuhZ8,30.0,40.0,"/m/07rgt08,/m/07s04w4",True
17196,oMmqKfmiDC0,30.0,40.0,"/m/02zsn,/m/07pqn27,/m/07rgt08,/m/09x0r,/m/0ytgt",True
17209,oPBrZeFpToY,90.0,100.0,"/m/09x0r,/t/dd00001",True
17246,oWr0gGzyG98,90.0,100.0,"/m/09x0r,/t/dd00001",True
17311,oqOyiPlZVDw,20.0,30.0,"/m/01j3sz,/m/07sq110,/m/09x0r,/t/dd00001",True
17312,oqT3pTJFv5k,30.0,40.0,"/m/025_jnm,/m/07s04w4,/m/09x0r",True
17370,p32OC97aNqc,30.0,40.0,"/m/07rgt08,/t/dd00001",True
17447,pLgOJxfpEZs,30.0,40.0,"/m/01j3sz,/m/04rlf,/m/07q2z82,/m/0h9mv,/m/0ltv",True
17750,qWIzaRz4nxM,90.0,100.0,"/m/01j3sz,/m/0261r1,/m/09x0r",True
17775,qbRZ67ynqp0,50.0,60.0,"/m/07sq110,/t/dd00125",True
17803,qilVdOks5WY,30.0,40.0,"/m/01j3sz,/m/07pqn27,/m/09x0r,/t/dd00001",True
17812,qlDYIPHzfRM,50.0,60.0,"/m/07sq110,/m/09x0r",True
17871,qzuilyIMAhg,250.0,260.0,/m/07r660_,True
17901,r56PXyxKOMI,30.0,40.0,/m/07sq110,True
17977,rO0jmZHwV8Q,120.0,130.0,"/m/01j3sz,/m/07rgt08,/m/07s04w4,/m/07sq110",True
18009,rUVnwlfYJKo,330.0,340.0,"/m/07r660_,/m/09x0r",True
18086,rhQwPnEYWI4,30.0,40.0,"/m/07rgt08,/m/07s04w4",True
18089,rhaVRG4ZE1I,220.0,230.0,"/m/01hsr_,/m/02zsn,/m/04rlf,/m/07rgt08,/m/09x0r",True
18233,sBDA78U_dps,90.0,100.0,/t/dd00001,True
18235,sBE5Dng4UBE,450.0,460.0,"/m/07r660_,/t/dd00125",True
18286,sKglR9n1aFg,30.0,40.0,"/m/028ght,/m/05zppz,/m/07rgt08,/m/09x0r",True
18314,sSJAzADv_pw,30.0,40.0,"/m/07rgt08,/t/dd00001",True
18331,sWXpzTZWNAI,30.0,40.0,"/m/07sq110,/m/09x0r,/m/0ytgt",True
18351,s_9TqVhYqj4,70.0,80.0,"/m/09x0r,/m/0ytgt,/t/dd00001,/t/dd00125",True
18365,sbZ5Ls141fg,30.0,40.0,"/m/07r660_,/t/dd00001",True
18415,sn3Sqa4nRtA,30.0,40.0,/m/07s04w4,True
18590,tPE0GmzqkRY,30.0,40.0,"/m/05zppz,/m/07rgt08,/m/07s04w4,/m/09x0r",True
18596,tPmg77eKOQI,30.0,40.0,"/m/01j3sz,/m/07r660_,/m/09x0r",True
18657,te8Yhl8mOyY,40.0,50.0,"/m/01j3sz,/m/07r660_,/m/07sq110",True
18687,tnBgPQ5dv1w,30.0,40.0,"/m/01j3sz,/m/07c52,/m/09x0r",True
18705,tsn5g_5Tc1c,60.0,70.0,"/m/01j3sz,/m/07pqn27",True
18855,uQIYrVyPkAw,10.0,20.0,"/m/04rlf,/m/07sq110,/m/09x0r",True
18914,ubuhm_JjGBo,20.0,30.0,"/m/01j3sz,/m/07sq110",True
18963,upQ7tDUwLwE,60.0,70.0,/m/07r660_,True
18981,uueL8JwXf50,50.0,60.0,"/m/07r660_,/m/09x0r,/t/dd00125",True
19025,v5IM8bUpeP8,30.0,40.0,"/m/01j3sz,/m/05tny_,/m/068hy,/m/07rc7d9,/m/09x0r,/m/0bt9lr,/m/0jbk",True
19028,v6-yXkylPW0,90.0,100.0,"/m/01j3sz,/m/09x0r,/t/dd00001",True
19231,vq4jQd5-PL0,30.0,40.0,"/m/01j3sz,/m/07s04w4,/m/09x0r",True
19253,vvJKJH84cQ0,30.0,40.0,"/m/07r660_,/m/09x0r,/m/0ytgt,/t/dd00126",True
19370,wNG49_jvQto,30.0,40.0,"/m/02dgv,/m/07s04w4,/m/09x0r",True
19391,wRyHGf9rtWY,30.0,40.0,"/m/07s04w4,/m/07sq110,/m/09x0r",True
19400,wTduj6YOVuU,10.0,20.0,"/t/dd00001,/t/dd00125",True
19472,wjH3t3JVsgQ,50.0,60.0,"/m/0261r1,/m/09x0r,/t/dd00001",True
19599,xBWz9jDzvHc,30.0,40.0,"/m/01j3sz,/m/02zsn,/m/07s04w4,/m/09x0r",True
19610,xEtchO2CQBA,30.0,40.0,"/m/01j3sz,/m/02p3nc,/m/09x0r",True
19647,xMxfqsjkQ3A,30.0,40.0,"/m/04rlf,/m/07r660_,/m/09x0r",True
19744,xlDCxKFtteE,90.0,100.0,"/m/01j3sz,/m/09x0r,/t/dd00001",True
19767,xqWpfNB7AzE,110.0,120.0,"/m/07sq110,/m/09x0r,/t/dd00125",True
19787,xv3l1Blx6JQ,250.0,260.0,"/m/07sq110,/m/09x0r,/m/0jbk",True
19797,xwQE_69dbgQ,30.0,40.0,"/m/01j3sz,/m/028ght,/m/07rgt08,/m/0dl9sf8",True
19814,y-VzJ-bEREc,50.0,60.0,"/m/07r660_,/m/09x0r,/m/0ytgt",True
19876,yBc60WlhyGo,20.0,30.0,"/m/01j3sz,/m/07s0dtb,/m/09x0r,/m/0jbk",True
19905,yJoELHadsvo,30.0,40.0,"/m/01j3sz,/m/07s04w4,/m/07sq110,/t/dd00001",True
19958,yXZDVz-3ebg,120.0,130.0,"/m/01j3sz,/m/0261r1,/m/09x0r",True
19978,yc2X4I-KiZA,20.0,30.0,"/m/01j3sz,/m/07mzm6",True
19979,yc4mmvlO39M,30.0,40.0,"/m/01j3sz,/m/07s04w4,/m/09x0r,/t/dd00001",True
19996,ygAlt9Q7FP4,30.0,40.0,"/m/01j3sz,/m/02dgv,/m/02y_763,/m/09x0r",True
20103,z32IXFJ4sKk,80.0,90.0,"/m/07r660_,/m/09x0r,/m/0ytgt",True
20122,z6oqPB07X3o,30.0,40.0,"/m/07rn7sz,/m/07s04w4,/m/07sq110,/m/09x0r",True
20126,z7jT2JOA1qs,90.0,100.0,"/m/01j3sz,/m/0ghcn6",True
13845,cv901tRE0rQ,30.0,40.0,"/m/01z5f,/m/068hy,/m/07r81j2,/m/0bt9lr,/m/0ghcn6,/m/0jbk",False
7041,IMVhtMkg0V8,20.0,30.0,/m/06hps,False
19246,vtVfl5Ff5lw,30.0,40.0,"/m/015lz1,/m/028sqc,/m/04rlf,/m/06rqw,/m/07rwj3x,/m/07sbbz2",False
4509,BQLQkssznk8,74.0,84.0,/m/016622,False
5116,CpoUHOCPaNw,20.0,30.0,"/m/03m5k,/m/0d8_n",False
15866,jbW2ew8VMfU,50.0,60.0,"/m/01g50p,/m/0284vy3,/m/06d_3,/m/07jdr,/m/07rwm0c",False
3316,8KLNJ8d8Vqc,30.0,40.0,"/m/09x0r,/t/dd00067",False
607,0VCK8rLKXKA,110.0,120.0,/m/0326g,False
14055,darQBSIlol8,30.0,40.0,"/m/04rlf,/t/dd00037",False
11696,WoynilrteLU,30.0,40.0,"/m/012f08,/m/07pdhp0,/m/07q2z82,/m/0btp2,/m/0k4j",False
658,0crG6jzAUpE,120.0,130.0,"/m/01z47d,/m/09x0r,/t/dd00125",False
7134,Idld60L2LEQ,21.0,31.0,/m/07rbp7_,False
13687,cLRF9j-hOnU,30.0,40.0,/m/01jg1z,False
7506,JoEbwz9Adwk,30.0,40.0,/m/07rbp7_,False
18652,tcOHcop3sCQ,30.0,40.0,"/m/015lz1,/m/01lyv,/m/01swy6,/m/042v_gx,/m/04rlf,/m/06w87",False
677,0fsntL6RKww,30.0,40.0,/m/03l9g,False
3202,7wQVHoG6Bqo,30.0,40.0,/m/01jg1z,False
13173,ablBCBK9ZHM,30.0,40.0,/m/030rvx,False
18828,uKlJCWLaPvg,80.0,90.0,/m/0mkg,False
12084,Y167pyotzEA,270.0,280.0,"/m/04rlf,/t/dd00121",False
11307,VeAomElRCJc,30.0,40.0,"/m/0342h,/m/042v_gx,/m/04rlf,/m/04rzd,/m/07s0s5r,/m/0fx80y",False
659,0dC6Ay0oqWk,30.0,40.0,"/m/01bns_,/m/0d8_n",False
12270,YeaeMe9B8YM,21.0,31.0,/m/07pt_g0,False
3152,7nglQSmcjAk,30.0,40.0,"/m/02rhddq,/m/07r04,/m/07yv9",False
9010,OMaV10b6-CU,140.0,150.0,/m/0463cq4,False
18323,sUgI8M_Ln2g,320.0,330.0,/m/0dxrf,False
17588,pvV13-PcsY0,30.0,40.0,"/m/03vt0,/m/09f96,/m/0h2mp",False
9294,PHsEUKUJ0sE,490.0,500.0,"/m/04rlf,/m/07qqyl4,/m/09x0r",False
11248,VUJMX9yscNA,30.0,40.0,"/m/018w8,/m/04rlf",False
3354,8QzudUB8SMk,0.0,6.0,/m/0dl9sf8,False
3499,8wT5dihdt4E,260.0,270.0,"/m/07qyrcz,/m/09x0r,/m/0ytgt",False
9866,R0bAuQ3vfgA,30.0,40.0,"/g/122z_qxw,/m/09x0r,/m/0g6b5",False
11852,XIohMvtR0Og,30.0,40.0,"/m/07qv_x_,/m/09x0r",False
42,-3z5mFRgbxc,30.0,40.0,"/m/01bjv,/m/07yv9,/m/09x0r,/m/0btp2",False
12005,Xl5BFGUdQF0,300.0,310.0,/m/02g901,False
1299,2M9GSksX_ho,30.0,40.0,"/m/026z9,/m/04rlf,/t/dd00031",False
13288,b04gwYJKwsQ,110.0,120.0,/m/012xff,False
370,-w8maIWtnUk,30.0,40.0,"/m/01b9nn,/m/01jnbd,/m/02rr_,/m/02sgy,/m/04rlf",False
8372,MRaUiAs7ddw,30.0,40.0,/m/0c3f7m,False
8068,LYAzEd0j1Q8,360.0,370.0,/m/08p9q4,False
18953,unOXaB3QoYk,170.0,180.0,"/m/032s66,/m/073cg4",False
7793,KksMNKXuiNw,12.0,22.0,"/m/01xq0k1,/m/07rpkh9,/m/0ch8v",False
3882,A3a5-aOyIJk,30.0,40.0,/m/07rbp7_,False
7818,KpxO0dsXEtk,40.0,50.0,/m/027m70_,False
7007,IG5-s_G2csM,30.0,40.0,"/m/013y1f,/m/03xq_f",False
19035,v7vKoDT3LeM,12.0,22.0,/m/07s02z0,False
395,0-EgET9q3qE,30.0,40.0,"/m/013y1f,/m/03xq_f",False
5813,EgI1uAxXfew,30.0,40.0,"/m/03qtwd,/m/053hz1,/t/dd00135",False
8641,NJw1ymMGC7g,160.0,170.0,/m/05_wcq,False
1597,37YYOr4EBKA,20.0,30.0,"/m/01hnzm,/m/04rlf",False
3102,7e46Hfy5j8g,30.0,40.0,"/m/04rlf,/m/07lnk,/m/08cyft,/m/0dls3,/m/0m0jc",False
16286,l6eWoKOAylA,50.0,60.0,"/m/025_jnm,/m/09x0r",False
20249,zXCMenXD5BY,100.0,110.0,/m/07rv4dm,False
6434,GcNZQ8w2jaI,70.0,80.0,"/m/01z7dr,/m/04rlf,/m/0l14gg",False
18838,uMzk5joHh9M,30.0,40.0,"/m/025wky1,/m/07yv9,/m/09x0r",False
8955,OC91IBhiTsQ,30.0,40.0,/m/07rdhzs,False
20239,zU8z6UM8XE8,170.0,180.0,"/m/0140xf,/m/015lz1,/m/01swy6,/m/04rlf,/m/074ft,/m/0l14jd,/m/0y4f8,/m/0z9c",False
6200,FtavMkHyRMM,120.0,130.0,"/m/01z47d,/m/09x0r",False
15381,hux1zoiTV3g,20.0,30.0,"/m/07pqc89,/m/09x0r",False
8517,Msl9dI5yweA,0.0,10.0,"/m/0dwsp,/m/0dwtp,/m/0j45pbj",False
5307,DHf1aSTmtZI,40.0,50.0,/m/0239kh,False
20303,zj6a5P28xOs,160.0,170.0,"/m/07pl1bw,/m/083vt",False
11344,VkVKGyWi2r4,30.0,40.0,"/m/04rlf,/m/07s8j8t,/m/07sbbz2",False
19752,xnA7O5ESAbY,30.0,40.0,"/m/027m70_,/m/02qmj0d,/m/07y_7,/m/0l14_3",False
3067,7UpWB3q3Tf8,30.0,40.0,/m/0l14t7,False
4682,Bpc_A26bN9A,30.0,40.0,"/m/07sx8x_,/m/09x0r,/t/dd00126",False
12259,YcWJUHWt-64,0.0,10.0,"/m/04rlf,/m/05r5wn",False
6433,GcI6Q7SPIwg,80.0,90.0,/m/03l9g,False
9201,P0iX1OyXMa0,30.0,40.0,"/m/01b9nn,/m/04rlf,/m/0l14jd,/m/0z9c",False
2862,6uMAVCznTbA,480.0,490.0,/m/03wvsk,False
297,-kWlE2dkoxc,170.0,180.0,/m/0d31p,False
16742,mhGA4vJJbSE,30.0,40.0,"/m/09x0r,/m/0dl9sf8",False
18083,rhAwhUVsWRo,5.0,15.0,"/m/07bgp,/m/07q0h5t,/m/09x0r",False
16977,navn7jCBp_o,120.0,130.0,"/m/04rlf,/m/0l156b",False
5012,CbDIwERADFU,30.0,40.0,/m/02fxyj,False
543,0LE6Ll1rVlg,30.0,40.0,"/m/04rlf,/m/06j6l,/t/dd00035",False
19733,xk3D4r5c3lU,90.0,100.0,"/m/07rkbfh,/m/09x0r,/t/dd00128",False
591,0RyzdrZgrus,6.0,16.0,"/m/04rlf,/m/07qsvvw,/m/09x0r",False
4896,CLx4iYWSB1c,0.0,10.0,"/m/0283d,/m/04rlf,/m/07s72n,/m/08cyft,/m/0ggx5q,/m/0m0jc",False
19544,x--IH5JffhQ,210.0,220.0,/m/07pczhz,False
10415,Sktlw1AytXw,0.0,3.0,"/m/03wwcy,/m/07r67yg",False
7957,LFKjM32MHG0,30.0,40.0,/m/01jg02,False
16425,lb1awXgoyQE,0.0,10.0,"/m/07rknqz,/m/07yv9,/m/0h9mv,/m/0k4j",False
16118,kVYXcbvw9u4,580.0,590.0,"/m/02rr_,/m/0342h,/m/04rlf,/m/04szw,/m/07m2kt,/m/0fx80y,/m/0g12c5",False
186,-USpijVx_aI,200.0,210.0,"/m/0jb2l,/m/0ngt1",False
12863,_cg_IfaD1C0,30.0,40.0,"/m/02bxd,/m/04rlf",False
14233,eBF0zRHCbZE,30.0,40.0,"/m/01lyv,/m/04rlf,/m/06w87,/m/0gg8l",False
8354,MOEE9uo6MCk,20.0,30.0,"/m/01jt3m,/m/0838f",False
3857,A-IzSI1ysmc,30.0,40.0,"/m/012n7d,/m/03j1ly,/m/03kmc9",False
6729,HRaMaCCoRCY,210.0,220.0,"/m/03fwl,/m/09x0r,/m/0jbk,/m/0ytgt",False
13427,bSxca8xb-Fs,10.0,20.0,"/m/046dlr,/m/07yv9,/m/0k4j",False
4503,BPAbYUWn3jM,19.0,29.0,"/m/04rlf,/m/07r67yg,/m/09x0r",False
14630,fUC45bzOOJw,30.0,40.0,"/m/04rlf,/m/07pjwq1",False
10676,TgHQLgOV7YA,40.0,50.0,/m/0k65p,False
4269,ArmIysvGUyk,20.0,30.0,"/m/07yv9,/m/0912c9,/m/0k4j",False
7774,KgIKVWGLUUo,30.0,40.0,"/m/03m9d0z,/m/06mb1,/m/0jb2l,/m/0ngt1,/t/dd00038,/t/dd00092",False
14785,fzhJ-Fmt-Po,7.0,17.0,/m/078jl,False
15177,hFdhk_z4onY,300.0,310.0,"/m/04cvmfc,/m/09x0r",False
5740,EScf6Anv-8E,30.0,40.0,"/m/05tny_,/m/07rc7d9,/m/0ghcn6",False
10272,SJN5vcGGF4I,150.0,160.0,"/m/019jd,/m/034srq,/m/03m9d0z,/m/05kq4,/m/0hsrw,/t/dd00092",False
3069,7UyMHUvallQ,80.0,90.0,"/m/03dnzn,/m/0838f",False
2994,7I2yJgXKncw,21.0,31.0,"/m/04s8yn,/m/07r5c2p,/m/0jbk",False
16693,mX3LnpqdHuY,40.0,50.0,"/m/0164x2,/m/04rlf,/m/074ft,/m/0dq0md,/m/0jtg0",False
19615,xFdFAEY7eTc,0.0,7.0,"/m/014zdl,/m/039jq,/m/07rn7sz",False
7354,JLLtvS60Z-c,30.0,40.0,"/m/01s0vc,/m/04rlf,/m/09x0r",False
8057,LWi-3c5rw_Y,11.0,21.0,/m/07pqc89,False
2707,6SoQ2r-P9o4,150.0,160.0,/m/07rv4dm,False
8332,MJx1GU2Ph84,0.0,9.0,/m/0dl83,False
7744,KZv9PlqwpkY,420.0,430.0,"/m/07yv9,/t/dd00065",False
17388,pA8o-29djso,440.0,450.0,"/m/04rlf,/m/08p9q4,/m/09x0r",False
4440,BFU4nurvCAw,30.0,40.0,"/m/03k3r,/m/07rv9rh,/m/0jbk",False
19281,w1Q0f1HbzgI,4.0,14.0,"/m/07r_k2n,/m/09x0r",False
11610,WWd90nebjBk,220.0,230.0,"/m/01d380,/m/07k1x,/m/0_ksk",False
3038,7PEL4NrU1Jk,23.0,33.0,"/m/01xq0k1,/m/07rpkh9,/m/0ch8v",False
13739,cYRsnYEPIiM,30.0,40.0,"/m/02cjck,/m/04rlf,/t/dd00037",False
10526,T7aPB5yvDs0,13.0,23.0,"/m/09x0r,/t/dd00018",False
4383,B8-2EKrNwzo,120.0,130.0,"/m/03vt0,/m/09xqv",False
816,12T-9dLEbY8,20.0,30.0,"/m/015p6,/m/07sx8x_,/m/09ddx",False
17488,pX0Jhk6e2Uw,30.0,40.0,"/m/01kcd,/m/07gql",False
14514,f6-paReA_xk,30.0,40.0,"/m/02rtxlg,/m/09x0r",False
13341,bB-JokQrMTk,30.0,40.0,"/m/07rkbfh,/m/09x0r,/t/dd00126",False
14472,exqbdXoRCUo,210.0,220.0,"/m/06_fw,/m/09x0r",False
4115,AVuh8-CucrE,30.0,40.0,"/m/04rlf,/m/06bz3,/m/07sbbz2,/m/0fx80y",False
16030,kDgSVZJ1mjc,60.0,70.0,"/m/068hy,/m/09x0r,/m/0bt9lr,/m/0jbk,/t/dd00136",False
13903,d605XQHZ2nQ,270.0,280.0,/m/0150b9,False
19074,vH0oqlYsUrg,80.0,90.0,"/m/01kcd,/m/06ncr",False
1979,4G9OxASMGKE,100.0,110.0,"/m/025_jnm,/m/04rlf,/m/09x0r,/t/dd00125",False
5202,D2w3qHmJrdU,0.0,10.0,"/m/04rlf,/m/0dv5r",False
11968,XeZXqOkRdRM,30.0,40.0,/m/0242l,False
3867,A0Ro_f5kzc8,20.0,30.0,"/m/04rlf,/m/07qs1cx",False
15880,jejadhR_m9w,30.0,40.0,"/m/013y1f,/m/03gvt,/m/03xq_f",False
19418,wYahz6VIpIM,0.0,10.0,/m/03_d0,False
10607,TQsjIE2VHqw,110.0,120.0,"/m/01j4z9,/m/09x0r",False
13296,b1hRkdJ69tc,510.0,520.0,"/m/09x0r,/m/0lyf6",False
6631,H9nKSRtcxiY,80.0,90.0,"/m/01rd7k,/m/025rv6n,/m/07svc2k",False
14560,fESL2PLuIwA,140.0,150.0,"/m/019jd,/m/034srq,/m/05kq4,/m/06q74",False
18390,sgpV3BLD0YQ,20.0,30.0,"/m/07rkbfh,/m/09x0r",False
1492,2qSknsEkmZI,30.0,40.0,"/m/02bxd,/m/04fq5q",False
7901,L5LyCUPLtBs,23.0,33.0,/m/07pws3f,False
847,18212B4yfLg,80.0,90.0,"/g/122z_qxw,/m/0g6b5",False
3094,7al-Xv2EwOQ,10.0,20.0,"/m/03dnzn,/m/0838f",False
9957,RKyXCfk39XY,100.0,110.0,"/m/04rlf,/m/07qyrcz",False
2418,5b6lStP8UXE,380.0,390.0,"/m/07p6mqd,/m/09x0r,/m/0bt9lr,/m/0jbk",False
4617,Bg1PHH0bRVI,90.0,100.0,"/m/02cz_7,/m/09x0r",False
3061,7ThRRhiB4R4,0.0,6.0,"/t/dd00003,/t/dd00004",False
17285,okAn7kjxmes,170.0,180.0,"/m/04rlf,/t/dd00036",False
11066,Uw815l67SLA,240.0,250.0,"/m/08j51y,/m/09x0r",False
1265,2G2SPM5lYk4,210.0,220.0,"/m/04rlf,/m/0790c",False
14531,f9-ZLUxNSLk,0.0,10.0,/m/01z47d,False
835,15mRtNj-zAU,0.0,10.0,/m/01jg1z,False
4632,Bi-kpON0Miw,30.0,40.0,"/m/09x0r,/m/0c3f7m",False
4104,AUoXXvgkkd0,30.0,40.0,"/m/04rlf,/m/07q4ntr,/m/07rwj3x,/m/09x0r",False
17277,ohBNHUUGD3Q,30.0,40.0,"/m/02x8m,/m/04rlf",False
1861,3v1pMz1N5RU,30.0,40.0,"/m/09x0r,/m/0l14jd,/t/dd00006",False
4096,AT5uw2HpDOg,30.0,40.0,"/m/07yv9,/t/dd00067",False
9601,QCSbiaMxR28,0.0,10.0,/m/02_nn,False
2013,4KxLSx-EhHI,0.0,9.0,"/m/09x0r,/t/dd00002",False
11460,W3MTlD6yAw0,150.0,160.0,/m/07n_g,False
14319,eVh-XXe3HRY,20.0,30.0,"/m/0cdnk,/m/0ghcn6",False
20198,zNQLIwV14w0,30.0,40.0,"/m/01z7dr,/m/04rlf,/t/dd00032",False
2938,75hpgXEgf-s,30.0,40.0,"/m/07qdb04,/m/09ddx,/m/09x0r,/m/0jbk",False
2190,4q4ejLxTo8I,10.0,20.0,"/m/013y1f,/m/03gvt",False
6460,GgfC5ai08Ok,380.0,390.0,"/m/07pyy8b,/m/09x0r",False
7191,InjDI0taSEQ,350.0,360.0,"/m/01h3n,/m/03vt0,/m/0h2mp",False
10706,TmTDFZ_ewvg,40.0,50.0,/m/07szfh9,False
274,-hYRFCQdbLg,30.0,40.0,"/m/04rlf,/m/04szw,/m/0l156b",False
8288,MAhYAMZ50VI,100.0,110.0,"/m/04rlf,/m/07qf0zm,/m/09x0r,/m/0jbk,/t/dd00126",False
18198,s4lWqr6El9Y,180.0,190.0,/m/03l9g,False
19925,yPOeE-k5Hfs,40.0,50.0,/m/07szfh9,False
14891,gM4rjqjJecw,30.0,40.0,"/m/04rlf,/m/07lnk,/m/07pbtc8,/m/09x0r,/m/0m0jc",False
6264,G4FTYFDLp-I,0.0,6.0,/m/07ryjzk,False
11030,Up2uWX0O8zM,30.0,40.0,"/m/0283d,/m/04rlf,/m/0glt670",False
2171,4lrL29p2TNc,30.0,40.0,/m/07qmpdm,False
14824,g8E6gteawKY,30.0,40.0,"/m/04rlf,/m/07qv_x_,/m/09x0r",False
11947,X_nfMNpw9SA,60.0,70.0,"/m/0326g,/m/0342h,/m/042v_gx,/m/04rlf,/m/04szw,/m/0fx80y",False
3279,8CY7G2NrlxY,30.0,40.0,"/m/02fxyj,/m/04rlf",False
4422,BDByqqNen68,130.0,140.0,"/m/02l6bg,/m/07yv9,/t/dd00128,/t/dd00129",False
7626,K9vZOI4Af_A,240.0,250.0,/m/023vsd,False
7173,IkEt6SYJtDA,260.0,270.0,"/m/04rlf,/m/05fw6t,/m/07qyrcz,/m/09x0r",False
17654,qAQuljp-atA,30.0,40.0,"/m/02mk9,/m/04_sv,/m/07q2z82,/m/07yv9,/t/dd00130",False
4397,B9ue-jL3RFs,30.0,40.0,"/m/015lz1,/m/05lls",False
20356,zwi96DG85AI,30.0,40.0,"/m/06mb1,/m/07r10fb",False
3197,7uifiqanNoM,30.0,40.0,"/m/015p6,/m/01rd7k,/m/020bb7,/m/025rv6n,/m/07svc2k",False
12459,ZJIgxpYf20I,30.0,40.0,"/m/04rlf,/m/0c2wf",False
4497,BNrmXcZQ-p4,30.0,40.0,"/m/07yv9,/m/09ct_,/m/0k5j",False
14270,eJsVdyNPVh0,500.0,510.0,"/m/06mb1,/m/07qwyj0,/m/07r10fb,/m/0jb2l,/m/0ngt1,/t/dd00038",False
19600,xBvguIbbKHQ,270.0,280.0,/m/015jpf,False
14730,fm2VZ-YXGnk,220.0,230.0,"/m/06hck5,/m/06wzb,/m/07rjwbb",False
13794,ciTlajq3JTU,90.0,100.0,"/m/01g50p,/m/0284vy3,/m/06d_3,/m/07jdr,/t/dd00048",False
5538,DukgqTCrGhs,30.0,40.0,"/m/019jd,/m/03m9d0z,/m/0hsrw,/t/dd00092",False
2894,6zbsUtQL4nY,40.0,50.0,"/m/068zj,/m/07q0yl5,/m/0jbk",False
6913,HzXWXYxXyYA,50.0,60.0,"/m/018vs,/m/02x8m,/m/0342h,/m/04rlf,/m/04szw,/m/074ft,/m/0fx80y",False
7722,KUoMl-m6w-o,26.0,36.0,"/m/03q5_w,/m/09x0r",False
7838,KuLE8odpCc8,100.0,110.0,"/m/01m2v,/m/09x0r",False
5821,EhmWEYp0vno,190.0,200.0,"/m/068hy,/m/07sx8x_,/m/0bt9lr,/m/0jbk,/t/dd00125",False
7166,IjjlOOg9MQg,30.0,40.0,"/m/04rlf,/m/07q7njn",False
13183,adYFXYPqo2M,30.0,40.0,"/m/04rlf,/m/06rqw,/m/074ft,/m/07sbbz2",False
18162,ryz6_28efVs,400.0,410.0,"/m/01x3z,/t/dd00126",False
16107,kTqOOc9iM08,20.0,30.0,/m/01d3sd,False
12480,ZMN2Bs_Cr1A,450.0,460.0,/m/018w8,False
17435,pJir8sxBTfM,290.0,300.0,"/m/02z32qm,/m/09x0r",False
6658,HGOiT309VtI,30.0,40.0,"/m/07rgkc5,/m/0c1dj",False
17946,rFwJ2L-geWw,30.0,40.0,"/m/025_jnm,/m/04rlf",False
10395,ShcyfLSHa1Y,60.0,70.0,/m/03l9g,False
7230,ItfBY9SrWM8,10.0,20.0,"/m/01hsr_,/m/068hy,/m/09x0r,/m/0bt9lr,/m/0jbk,/t/dd00125",False
9709,QW8-FlKlqAA,480.0,490.0,"/m/0192l,/m/085jw",False
8160,Lmg-SxrtYpg,120.0,130.0,/m/01hnzm,False
11054,UtZofZjccBs,290.0,300.0,"/m/04rlf,/m/06_fw",False
4059,AMATFNbsGWM,30.0,40.0,/m/0dv5r,False
18680,tmMPgiPEA4s,30.0,40.0,/t/dd00134,False
60,-7TanrCbmME,30.0,40.0,"/m/04rlf,/m/09x0r,/t/dd00005",False
3412,8c5TYqmYHLs,590.0,600.0,/m/08p9q4,False
12054,Xx2YziXzVkg,30.0,40.0,"/m/068hy,/m/0bt9lr,/m/0ghcn6,/m/0jbk,/t/dd00125",False
3018,7LsJrF1AwZg,30.0,40.0,"/m/01jt3m,/m/0838f",False
4681,BpVqfulnGms,30.0,40.0,"/m/07pczhz,/m/07pl1bw,/m/083vt",False
8295,MCa8xcBlBe8,30.0,40.0,/m/0g6b5,False
6650,HEk4fx_XNNE,20.0,30.0,"/m/0342h,/m/04rlf,/m/04szw,/m/0b_fwt,/m/0fx80y",False
2329,5GZ5hMhWEPw,30.0,40.0,"/m/04rlf,/m/0dq0md",False
393,0-6N0Qagy5A,10.0,20.0,"/m/04rlf,/m/0gy1t2s,/m/0l14qv",False
15520,iQJvAXOohoU,0.0,10.0,"/m/02rr_,/m/04rlf,/m/07m2kt",False
1551,2zec0wuZgLE,500.0,510.0,"/m/09x0r,/m/0fqfqc",False
2663,6HZ6nAzcQsQ,280.0,290.0,"/m/0dv5r,/t/dd00125",False
11946,X_iF5YWtfX4,30.0,40.0,"/m/06mb1,/m/07r10fb",False
11319,VfPRBr_h_7M,30.0,40.0,/m/07n_g,False
18312,sS2GJNAXeWc,30.0,40.0,"/m/015p6,/m/020bb7,/m/07r_25d,/m/0h0rv",False
6602,H6H3B1LLWw8,440.0,450.0,/m/0284vy3,False
11052,UtOxfiTrWaw,150.0,160.0,"/m/07s12q4,/m/09x0r",False
5213,D4mkc_8SL2U,5.0,15.0,/m/01s0vc,False
13431,bTpT6KJ_sPE,10.0,20.0,/m/03p19w,False
18095,rjOXxUTJOGE,10.0,20.0,/m/04gxbd,False
9374,PW9ZZzigZow,60.0,70.0,/m/0k65p,False
8063,LXhmTaN0sEE,140.0,150.0,"/m/01m4t,/m/04rlf,/m/09x0r",False
10447,SrDSqODtEFM,0.0,6.0,/m/07qfgpx,False
7791,KkPrgFi9X6U,20.0,30.0,"/m/023pjk,/m/04brg2",False
16678,mVQ8vqHcaLY,30.0,40.0,/m/01jwx6,False
5925,F1DEyrAZofU,30.0,40.0,"/m/011k_j,/m/04rlf,/m/0l14jd",False
13388,bL1Xt3T9ZnY,11.0,21.0,"/m/07qjznl,/m/07qjznt",False
1624,3DMExvlPy-o,24.0,34.0,"/m/04rlf,/m/07c52,/m/09x0r",False
17571,psP0XgTI2VE,30.0,40.0,"/m/04rlf,/m/0ggq0m",False
1658,3KFW9XGD7hc,280.0,290.0,"/m/023vsd,/m/07pdjhy",False
8513,MsD5mDhuDIg,140.0,150.0,/m/01g90h,False
12002,XjzEsImcYQg,250.0,260.0,"/m/0164x2,/m/04rlf,/m/06j6l",False
16532,m-xxD1fGPnU,0.0,10.0,"/m/03lty,/m/04rlf,/m/05r6t,/m/06by7,/m/0dls3",False
16815,mx_t1glv_uE,0.0,10.0,"/m/0284vy3,/m/04rlf,/m/07qv_d5",False
17772,qb50ye-3OJU,60.0,70.0,"/m/0130jx,/m/02jz0l,/m/0838f",False
17282,ojL0-XPLz9Y,300.0,310.0,/m/07qfgpx,False
18782,uAzez_NKLFM,30.0,40.0,/m/02l6bg,False
485,0Cl6hXpryhY,30.0,40.0,"/m/018w8,/m/07r4k75",False
18332,sWmpTZqsDrU,180.0,190.0,"/m/07yv9,/m/096m7z",False
5386,DT4Q7SB_pkc,260.0,270.0,"/m/03cczk,/m/04rlf,/m/09x0r",False
3178,7rqy1JhY7TU,30.0,40.0,"/m/07bgp,/m/07q0h5t",False
2657,6G4uYZF1IG4,0.0,10.0,/m/06hps,False
18419,sngiPk6sTBs,20.0,30.0,/m/02_41,False
12404,Z5wjWJrnXMc,20.0,30.0,"/m/0283d,/m/02lkt,/m/04rlf,/m/07pt_g0",False
2452,5hL1uGb4sas,30.0,40.0,/m/02mfyn,False
9950,RJi6SkfP4cg,60.0,70.0,"/m/01v_m0,/m/0hdsk",False
6921,I-gmOi0EXYU,150.0,160.0,/m/025wky1,False
983,1TyOPtg0Yfk,30.0,40.0,"/m/015vgc,/m/04rlf",False
18732,ty7Oaxg_pGs,130.0,140.0,"/m/01g50p,/m/04zmvq,/m/06d_3,/m/07jdr,/m/07rwm0c",False
12782,_NvCMlLCDPQ,30.0,40.0,/m/01m4t,False
18937,uiwqKoIiykA,30.0,40.0,"/m/02bm9n,/m/05zc1,/m/0l7xg,/t/dd00077",False
18543,tG5C-Smp-eY,30.0,40.0,"/m/04rlf,/m/06bxc,/t/dd00035",False
2387,5WpHlhb6ENA,450.0,460.0,"/m/07qh7jl,/t/dd00077",False
15960,jx27p7k2lSw,110.0,120.0,"/m/04rlf,/m/08p9q4",False
8817,Nqb7nw58q08,30.0,40.0,"/m/01glhc,/m/02sgy,/m/0342h,/m/04rlf,/m/05w3f,/m/0dl5d",False
6578,H1yDjMDES94,0.0,10.0,/m/01w250,False
2660,6GXGC1K7b5k,0.0,10.0,"/m/01z47d,/m/07cx4,/m/09x0r",False
5977,FC-h534z9uA,400.0,410.0,"/m/0192l,/m/085jw",False
1613,3Ab0sgelCEw,30.0,40.0,"/m/01z47d,/m/030rvx",False
5922,F0dqWCDnHOQ,30.0,40.0,"/m/01z7dr,/m/04rlf,/m/0l14gg",False
8031,LRfVQsnaVQE,30.0,40.0,"/m/02p0sh1,/m/04rlf",False
5319,DJBil1cXkPg,20.0,30.0,/m/04fgwm,False
13767,cdIvqn14xgI,30.0,40.0,"/m/02bxd,/m/04rlf",False
6907,HylhATL_Sek,30.0,40.0,/m/09t49,False
10315,SSFFe1cVwgU,80.0,90.0,"/m/0912c9,/m/09x0r",False
11385,Vr7wbGcvFts,20.0,30.0,"/m/04rlf,/t/dd00031",False
5066,CjcczfGrDJo,30.0,40.0,"/m/04rlf,/m/07s2xch,/m/09x0r",False
5138,CskYGpg14bQ,30.0,40.0,"/m/09x0r,/m/0brhx",False
19680,xVeIrM4OQEM,40.0,50.0,/m/05_wcq,False
4902,CMWoAvgD0A0,9.0,19.0,"/m/03qc9zr,/m/04rlf",False
5430,D_MavKxL6oc,30.0,40.0,"/m/06mb1,/m/07r10fb,/t/dd00038",False
2914,71hqRT9U0wg,10.0,20.0,"/m/015lz1,/m/04rlf,/m/0l15bq",False
6851,HofBEl7IjDk,30.0,40.0,"/m/07r81j2,/m/09x0r",False
4159,AcJXSEfGGcI,30.0,40.0,"/m/07yv9,/m/09ct_,/m/0k5j",False
18357,saCjCc3OaU8,60.0,70.0,"/m/0130jx,/m/02jz0l,/m/0838f",False
809,11KWMKfalJo,40.0,50.0,"/m/06h7j,/m/09x0r",False
9487,PrYVqZ_L7uQ,30.0,40.0,"/m/04rlf,/m/05rj2,/m/09x0r",False
9282,PFQ2jBACRGg,0.0,10.0,"/m/03q5t,/m/05148p4",False
976,1TAOyk0Xgss,370.0,380.0,/m/0d31p,False
6952,I4Lxa7Q3u18,560.0,570.0,/m/07n_g,False
16041,kGG2cw_Q3pc,140.0,150.0,/m/07pqn27,False
19495,wpCtOf9pwAY,17.0,27.0,/m/07pczhz,False
18399,si76pAFGS40,11.0,21.0,/m/07qn4z3,False
